INSERT INTO projects (id, title, category, funding_goal, start_date, end_date) VALUES
(1, "Hallo", "Language", 500, "01.02.2019", "04.02.2019"),
(2, "Wow", "Sports", 500, "01.02.2019", "04.03.2019"),
(3, "Do it", "Sports", 500, "01.02.2019", "04.06.2019"),
(4, "Yay", "Language", 500, "01.02.2019", "04.03.2019"),
(5, "Project", "Projects", 500, "01.02.2019", "04.08.2019"),
(6, "Crowd", "Language", 500, "01.02.2019", "04.05.2019"),
(7, "Funding", "Crowdfunding", 500, "01.02.2019", "04.02.2019"),
(8, "Hey", "Language", 500, "01.02.2019", "03.02.2019"),
(9, "Yo", "Language", 500, "01.02.2019", "04.05.2019"),
(10, "Hi", "Language", 500, "01.02.2019", "08.02.2019");

INSERT INTO users (id, name, age) VALUES
(1, "Sofia", 25),
(2, "Karl", 30),
(3, "Sofia", 25),
(4, "Sofia", 25),
(5, "Karl", 30),
(6, "Sofia", 25),
(7, "Peder", 67),
(8, "Sofia", 25),
(9, "Peder", 67),
(10, "Sofia", 25),
(11, "Elsiabet", 66),
(12, "Sofia", 25),
(13, "Elisabet", 66),
(14, "Sofia", 25),
(15, "Sofia", 25),
(16, "Sofia", 25),
(17, "Erika", 27),
(18, "Erika", 27),
(19, "Erika", 27),
(20, "Sofia", 25);

INSERT INTO pledges (id, amount, user_id, project_id) VALUES
(1, 20, 1, 1),
(2, 20, 2, 2),
(3, 200, 3, 3),
(4, 20, 4, 4),
(5, 20, 5, 5),
(6, 50, 6, 6),
(7, 20, 7, 7),
(8, 35, 8, 8),
(9, 20, 9, 9),
(10, 60, 10, 10),
(11, 20, 11, 1),
(12, 40, 12, 2),
(13, 20, 13, 3),
(14, 20, 14, 4),
(15, 20, 15, 5),
(16, 20, 16, 6),
(17, 20, 17, 7),
(18, 20, 18, 8),
(19, 500, 19, 9),
(20, 20, 20, 10),
(21, 20, 1, 3),
(22, 20, 2, 6),
(23, 600, 3, 10),
(24, 20, 4, 8),
(25, 20, 5, 1),
(26, 800, 6, 9),
(27, 20, 7, 3),
(28, 20, 8, 5),
(29, 20, 9, 2),
(30, 20, 10, 1);
